categoria,objetivo,objetivo_nome,sub_indice,indice_geral,n_objetivos_com_dados
RO,1,Governança do Governo Digital,100.0,71.6,9
RO,2,Qualidade dos Serviços Digitais,73.69,71.6,9
RO,3,Identificação Única,100.0,71.6,9
RO,4,Segurança e LGPD,0.0,71.6,9
RO,5,Dados e Interoperabilidade,50.0,71.6,9
RO,6,Infraestrutura,100.0,71.6,9
RO,7,Inovação e Tecnologias Emergentes,100.0,71.6,9
RO,8,Eficiência e Processos,100.0,71.6,9
RO,9,Transparência e Participação,20.74,71.6,9
RO,10,Competências em Governo Digital,,71.6,9
AC,1,Governança do Governo Digital,100.0,74.55,9
AC,2,Qualidade dos Serviços Digitais,85.19,74.55,9
AC,3,Identificação Única,100.0,74.55,9
AC,4,Segurança e LGPD,60.0,74.55,9
AC,5,Dados e Interoperabilidade,75.0,74.55,9
AC,6,Infraestrutura,50.0,74.55,9
AC,7,Inovação e Tecnologias Emergentes,40.0,74.55,9
AC,8,Eficiência e Processos,100.0,74.55,9
AC,9,Transparência e Participação,60.76,74.55,9
AC,10,Competências em Governo Digital,,74.55,9
AM,1,Governança do Governo Digital,0.0,38.14,9
AM,2,Qualidade dos Serviços Digitais,33.56,38.14,9
AM,3,Identificação Única,50.0,38.14,9
AM,4,Segurança e LGPD,60.0,38.14,9
AM,5,Dados e Interoperabilidade,19.64,38.14,9
AM,6,Infraestrutura,50.0,38.14,9
AM,7,Inovação e Tecnologias Emergentes,60.0,38.14,9
AM,8,Eficiência e Processos,0.0,38.14,9
AM,9,Transparência e Participação,70.02,38.14,9
AM,10,Competências em Governo Digital,,38.14,9
RR,1,Governança do Governo Digital,0.0,34.96,9
RR,2,Qualidade dos Serviços Digitais,30.83,34.96,9
RR,3,Identificação Única,66.65,34.96,9
RR,4,Segurança e LGPD,40.0,34.96,9
RR,5,Dados e Interoperabilidade,12.5,34.96,9
RR,6,Infraestrutura,50.0,34.96,9
RR,7,Inovação e Tecnologias Emergentes,60.0,34.96,9
RR,8,Eficiência e Processos,0.0,34.96,9
RR,9,Transparência e Participação,54.66,34.96,9
RR,10,Competências em Governo Digital,,34.96,9
PA,1,Governança do Governo Digital,33.3,58.15,9
PA,2,Qualidade dos Serviços Digitais,43.61,58.15,9
PA,3,Identificação Única,50.0,58.15,9
PA,4,Segurança e LGPD,100.0,58.15,9
PA,5,Dados e Interoperabilidade,25.0,58.15,9
PA,6,Infraestrutura,100.0,58.15,9
PA,7,Inovação e Tecnologias Emergentes,20.0,58.15,9
PA,8,Eficiência e Processos,100.0,58.15,9
PA,9,Transparência e Participação,51.42,58.15,9
PA,10,Competências em Governo Digital,,58.15,9
AP,1,Governança do Governo Digital,33.3,60.63,9
AP,2,Qualidade dos Serviços Digitais,56.68,60.63,9
AP,3,Identificação Única,100.0,60.63,9
AP,4,Segurança e LGPD,80.0,60.63,9
AP,5,Dados e Interoperabilidade,12.5,60.63,9
AP,6,Infraestrutura,100.0,60.63,9
AP,7,Inovação e Tecnologias Emergentes,80.0,60.63,9
AP,8,Eficiência e Processos,0.0,60.63,9
AP,9,Transparência e Participação,83.17,60.63,9
AP,10,Competências em Governo Digital,,60.63,9
TO,1,Governança do Governo Digital,100.0,63.78,9
TO,2,Qualidade dos Serviços Digitais,78.4,63.78,9
TO,3,Identificação Única,50.0,63.78,9
TO,4,Segurança e LGPD,80.0,63.78,9
TO,5,Dados e Interoperabilidade,28.57,63.78,9
TO,6,Infraestrutura,50.0,63.78,9
TO,7,Inovação e Tecnologias Emergentes,40.0,63.78,9
TO,8,Eficiência e Processos,100.0,63.78,9
TO,9,Transparência e Participação,47.0,63.78,9
TO,10,Competências em Governo Digital,,63.78,9
MA,1,Governança do Governo Digital,0.0,58.23,9
MA,2,Qualidade dos Serviços Digitais,48.95,58.23,9
MA,3,Identificação Única,50.0,58.23,9
MA,4,Segurança e LGPD,60.0,58.23,9
MA,5,Dados e Interoperabilidade,25.0,58.23,9
MA,6,Infraestrutura,100.0,58.23,9
MA,7,Inovação e Tecnologias Emergentes,80.0,58.23,9
MA,8,Eficiência e Processos,100.0,58.23,9
MA,9,Transparência e Participação,60.11,58.23,9
MA,10,Competências em Governo Digital,,58.23,9
PI,1,Governança do Governo Digital,100.0,93.76,9
PI,2,Qualidade dos Serviços Digitais,92.65,93.76,9
PI,3,Identificação Única,100.0,93.76,9
PI,4,Segurança e LGPD,100.0,93.76,9
PI,5,Dados e Interoperabilidade,66.07,93.76,9
PI,6,Infraestrutura,100.0,93.76,9
PI,7,Inovação e Tecnologias Emergentes,100.0,93.76,9
PI,8,Eficiência e Processos,100.0,93.76,9
PI,9,Transparência e Participação,85.11,93.76,9
PI,10,Competências em Governo Digital,,93.76,9
CE,1,Governança do Governo Digital,0.0,57.81,9
CE,2,Qualidade dos Serviços Digitais,74.25,57.81,9
CE,3,Identificação Única,100.0,57.81,9
CE,4,Segurança e LGPD,80.0,57.81,9
CE,5,Dados e Interoperabilidade,62.5,57.81,9
CE,6,Infraestrutura,100.0,57.81,9
CE,7,Inovação e Tecnologias Emergentes,40.0,57.81,9
CE,8,Eficiência e Processos,0.0,57.81,9
CE,9,Transparência e Participação,63.58,57.81,9
CE,10,Competências em Governo Digital,,57.81,9
RN,1,Governança do Governo Digital,0.0,37.41,9
RN,2,Qualidade dos Serviços Digitais,28.94,37.41,9
RN,3,Identificação Única,16.65,37.41,9
RN,4,Segurança e LGPD,80.0,37.41,9
RN,5,Dados e Interoperabilidade,12.5,37.41,9
RN,6,Infraestrutura,100.0,37.41,9
RN,7,Inovação e Tecnologias Emergentes,40.0,37.41,9
RN,8,Eficiência e Processos,0.0,37.41,9
RN,9,Transparência e Participação,58.64,37.41,9
RN,10,Competências em Governo Digital,,37.41,9
PB,1,Governança do Governo Digital,0.0,50.75,9
PB,2,Qualidade dos Serviços Digitais,37.95,50.75,9
PB,3,Identificação Única,66.65,50.75,9
PB,4,Segurança e LGPD,40.0,50.75,9
PB,5,Dados e Interoperabilidade,19.64,50.75,9
PB,6,Infraestrutura,50.0,50.75,9
PB,7,Inovação e Tecnologias Emergentes,80.0,50.75,9
PB,8,Eficiência e Processos,100.0,50.75,9
PB,9,Transparência e Participação,62.53,50.75,9
PB,10,Competências em Governo Digital,,50.75,9
PE,1,Governança do Governo Digital,100.0,80.2,9
PE,2,Qualidade dos Serviços Digitais,70.3,80.2,9
PE,3,Identificação Única,100.0,80.2,9
PE,4,Segurança e LGPD,60.0,80.2,9
PE,5,Dados e Interoperabilidade,69.64,80.2,9
PE,6,Infraestrutura,50.0,80.2,9
PE,7,Inovação e Tecnologias Emergentes,100.0,80.2,9
PE,8,Eficiência e Processos,100.0,80.2,9
PE,9,Transparência e Participação,71.87,80.2,9
PE,10,Competências em Governo Digital,,80.2,9
AL,1,Governança do Governo Digital,0.0,41.11,9
AL,2,Qualidade dos Serviços Digitais,40.12,41.11,9
AL,3,Identificação Única,0.0,41.11,9
AL,4,Segurança e LGPD,80.0,41.11,9
AL,5,Dados e Interoperabilidade,62.5,41.11,9
AL,6,Infraestrutura,50.0,41.11,9
AL,7,Inovação e Tecnologias Emergentes,80.0,41.11,9
AL,8,Eficiência e Processos,0.0,41.11,9
AL,9,Transparência e Participação,57.34,41.11,9
AL,10,Competências em Governo Digital,,41.11,9
SE,1,Governança do Governo Digital,33.3,50.77,9
SE,2,Qualidade dos Serviços Digitais,47.14,50.77,9
SE,3,Identificação Única,50.0,50.77,9
SE,4,Segurança e LGPD,40.0,50.77,9
SE,5,Dados e Interoperabilidade,17.86,50.77,9
SE,6,Infraestrutura,50.0,50.77,9
SE,7,Inovação e Tecnologias Emergentes,60.0,50.77,9
SE,8,Eficiência e Processos,100.0,50.77,9
SE,9,Transparência e Participação,58.64,50.77,9
SE,10,Competências em Governo Digital,,50.77,9
BA,1,Governança do Governo Digital,33.3,49.74,9
BA,2,Qualidade dos Serviços Digitais,48.92,49.74,9
BA,3,Identificação Única,0.0,49.74,9
BA,4,Segurança e LGPD,20.0,49.74,9
BA,5,Dados e Interoperabilidade,12.5,49.74,9
BA,6,Infraestrutura,100.0,49.74,9
BA,7,Inovação e Tecnologias Emergentes,80.0,49.74,9
BA,8,Eficiência e Processos,100.0,49.74,9
BA,9,Transparência e Participação,52.98,49.74,9
BA,10,Competências em Governo Digital,,49.74,9
MG,1,Governança do Governo Digital,100.0,91.0,9
MG,2,Qualidade dos Serviços Digitais,84.67,91.0,9
MG,3,Identificação Única,100.0,91.0,9
MG,4,Segurança e LGPD,100.0,91.0,9
MG,5,Dados e Interoperabilidade,80.36,91.0,9
MG,6,Infraestrutura,100.0,91.0,9
MG,7,Inovação e Tecnologias Emergentes,80.0,91.0,9
MG,8,Eficiência e Processos,100.0,91.0,9
MG,9,Transparência e Participação,74.02,91.0,9
MG,10,Competências em Governo Digital,,91.0,9
ES,1,Governança do Governo Digital,0.0,59.24,9
ES,2,Qualidade dos Serviços Digitais,69.98,59.24,9
ES,3,Identificação Única,50.0,59.24,9
ES,4,Segurança e LGPD,80.0,59.24,9
ES,5,Dados e Interoperabilidade,19.64,59.24,9
ES,6,Infraestrutura,50.0,59.24,9
ES,7,Inovação e Tecnologias Emergentes,100.0,59.24,9
ES,8,Eficiência e Processos,100.0,59.24,9
ES,9,Transparência e Participação,63.54,59.24,9
ES,10,Competências em Governo Digital,,59.24,9
RJ,1,Governança do Governo Digital,100.0,91.48,9
RJ,2,Qualidade dos Serviços Digitais,89.03,91.48,9
RJ,3,Identificação Única,100.0,91.48,9
RJ,4,Segurança e LGPD,100.0,91.48,9
RJ,5,Dados e Interoperabilidade,67.86,91.48,9
RJ,6,Infraestrutura,100.0,91.48,9
RJ,7,Inovação e Tecnologias Emergentes,100.0,91.48,9
RJ,8,Eficiência e Processos,100.0,91.48,9
RJ,9,Transparência e Participação,66.41,91.48,9
RJ,10,Competências em Governo Digital,,91.48,9
SP,1,Governança do Governo Digital,100.0,85.14,9
SP,2,Qualidade dos Serviços Digitais,88.18,85.14,9
SP,3,Identificação Única,100.0,85.14,9
SP,4,Segurança e LGPD,100.0,85.14,9
SP,5,Dados e Interoperabilidade,75.0,85.14,9
SP,6,Infraestrutura,100.0,85.14,9
SP,7,Inovação e Tecnologias Emergentes,80.0,85.14,9
SP,8,Eficiência e Processos,50.0,85.14,9
SP,9,Transparência e Participação,73.07,85.14,9
SP,10,Competências em Governo Digital,,85.14,9
PR,1,Governança do Governo Digital,0.0,62.99,9
PR,2,Qualidade dos Serviços Digitais,68.03,62.99,9
PR,3,Identificação Única,100.0,62.99,9
PR,4,Segurança e LGPD,80.0,62.99,9
PR,5,Dados e Interoperabilidade,19.64,62.99,9
PR,6,Infraestrutura,100.0,62.99,9
PR,7,Inovação e Tecnologias Emergentes,100.0,62.99,9
PR,8,Eficiência e Processos,50.0,62.99,9
PR,9,Transparência e Participação,49.19,62.99,9
PR,10,Competências em Governo Digital,,62.99,9
SC,1,Governança do Governo Digital,0.0,48.65,9
SC,2,Qualidade dos Serviços Digitais,58.24,48.65,9
SC,3,Identificação Única,66.65,48.65,9
SC,4,Segurança e LGPD,60.0,48.65,9
SC,5,Dados e Interoperabilidade,73.22,48.65,9
SC,6,Infraestrutura,50.0,48.65,9
SC,7,Inovação e Tecnologias Emergentes,80.0,48.65,9
SC,8,Eficiência e Processos,0.0,48.65,9
SC,9,Transparência e Participação,49.74,48.65,9
SC,10,Competências em Governo Digital,,48.65,9
RS,1,Governança do Governo Digital,100.0,92.07,9
RS,2,Qualidade dos Serviços Digitais,86.88,92.07,9
RS,3,Identificação Única,100.0,92.07,9
RS,4,Segurança e LGPD,100.0,92.07,9
RS,5,Dados e Interoperabilidade,62.5,92.07,9
RS,6,Infraestrutura,100.0,92.07,9
RS,7,Inovação e Tecnologias Emergentes,100.0,92.07,9
RS,8,Eficiência e Processos,100.0,92.07,9
RS,9,Transparência e Participação,79.28,92.07,9
RS,10,Competências em Governo Digital,,92.07,9
MS,1,Governança do Governo Digital,33.3,76.34,9
MS,2,Qualidade dos Serviços Digitais,83.99,76.34,9
MS,3,Identificação Única,66.65,76.34,9
MS,4,Segurança e LGPD,80.0,76.34,9
MS,5,Dados e Interoperabilidade,33.93,76.34,9
MS,6,Infraestrutura,100.0,76.34,9
MS,7,Inovação e Tecnologias Emergentes,100.0,76.34,9
MS,8,Eficiência e Processos,100.0,76.34,9
MS,9,Transparência e Participação,89.19,76.34,9
MS,10,Competências em Governo Digital,,76.34,9
MT,1,Governança do Governo Digital,100.0,72.25,9
MT,2,Qualidade dos Serviços Digitais,83.21,72.25,9
MT,3,Identificação Única,100.0,72.25,9
MT,4,Segurança e LGPD,20.0,72.25,9
MT,5,Dados e Interoperabilidade,62.5,72.25,9
MT,6,Infraestrutura,50.0,72.25,9
MT,7,Inovação e Tecnologias Emergentes,80.0,72.25,9
MT,8,Eficiência e Processos,100.0,72.25,9
MT,9,Transparência e Participação,54.57,72.25,9
MT,10,Competências em Governo Digital,,72.25,9
GO,1,Governança do Governo Digital,100.0,89.93,9
GO,2,Qualidade dos Serviços Digitais,83.35,89.93,9
GO,3,Identificação Única,100.0,89.93,9
GO,4,Segurança e LGPD,80.0,89.93,9
GO,5,Dados e Interoperabilidade,62.5,89.93,9
GO,6,Infraestrutura,100.0,89.93,9
GO,7,Inovação e Tecnologias Emergentes,100.0,89.93,9
GO,8,Eficiência e Processos,100.0,89.93,9
GO,9,Transparência e Participação,83.54,89.93,9
GO,10,Competências em Governo Digital,,89.93,9
DF,1,Governança do Governo Digital,33.3,56.36,9
DF,2,Qualidade dos Serviços Digitais,61.23,56.36,9
DF,3,Identificação Única,66.65,56.36,9
DF,4,Segurança e LGPD,80.0,56.36,9
DF,5,Dados e Interoperabilidade,12.5,56.36,9
DF,6,Infraestrutura,100.0,56.36,9
DF,7,Inovação e Tecnologias Emergentes,80.0,56.36,9
DF,8,Eficiência e Processos,0.0,56.36,9
DF,9,Transparência e Participação,73.54,56.36,9
DF,10,Competências em Governo Digital,,56.36,9
